year,soil_moisture
2023,0.2579130381345749
2024,0.25918668508529663
